{"media":{"type":{"params":{"contentName":"Image"},"library":"H5P.Image 1.1","subContentId":"8b78e4d4-c16d-4841-9be1-41c0d4f0fe24","metadata":{"contentType":"Image","license":"U","title":"Untitled Image"}},"disableImageZooming":false},"answers":[{"correct":false,"tipsAndFeedback":{"tip":"","chosenFeedback":"","notChosenFeedback":""},"text":"<div>Normal<\/div>\n"},{"correct":true,"tipsAndFeedback":{"tip":"","chosenFeedback":"<div>That is correct. Because every number is just as likely, this type of uniform distribution is also called a random distribution<\/div>\n","notChosenFeedback":""},"text":"<div>Random<\/div>\n"},{"correct":false,"tipsAndFeedback":{"tip":"","chosenFeedback":"","notChosenFeedback":""},"text":"<div>Positive u<\/div>\n"},{"correct":false,"tipsAndFeedback":{"tip":"","chosenFeedback":"","notChosenFeedback":""},"text":"<div>Leveled distribution<\/div>\n"}],"overallFeedback":[{"from":0,"to":100}],"behaviour":{"enableRetry":true,"enableSolutionsButton":true,"enableCheckButton":true,"type":"auto","singlePoint":false,"randomAnswers":true,"showSolutionsRequiresInput":true,"confirmCheckDialog":false,"confirmRetryDialog":false,"autoCheck":false,"passPercentage":100,"showScorePoints":true},"UI":{"checkAnswerButton":"Check","showSolutionButton":"Show solution","tryAgainButton":"Retry","tipsLabel":"Show tip","scoreBarLabel":"You got :num out of :total points","tipAvailable":"Tip available","feedbackAvailable":"Feedback available","readFeedback":"Read feedback","wrongAnswer":"Wrong answer","correctAnswer":"Correct answer","shouldCheck":"Should have been checked","shouldNotCheck":"Should not have been checked","noInput":"Please answer before viewing the solution","a11yCheck":"Check the answers. The responses will be marked as correct, incorrect, or unanswered.","a11yShowSolution":"Show the solution. The task will be marked with its correct solution.","a11yRetry":"Retry the task. Reset all responses and start the task over again."},"confirmCheck":{"header":"Finish ?","body":"Are you sure you wish to finish ?","cancelLabel":"Cancel","confirmLabel":"Finish"},"confirmRetry":{"header":"Retry ?","body":"Are you sure you wish to retry ?","cancelLabel":"Cancel","confirmLabel":"Confirm"},"question":"<p>How else do you think that distribution above can be called?<\/p>\n"}